﻿<?xml version="1.0" encoding="UTF-8" standalone="yes"?>
<addon id="repository.black" name="black" version="0.0.0" provider-name="[COLOR red]NTRX-ANTHRAX[/COLOR]">
	<extension point="xbmc.addon.repository" name="REPOSITORY BLACK LABEL">
		<info compressed="false">https://raw.githubusercontent.com/NTRXXX/INDEX/master/addons.xml</info>
		<checksum>https://raw.githubusercontent.com/NTRXXX/INDEX/master/addons.xml.md5</checksum>
		<datadir zip="true">https://raw.githubusercontent.com/NTRXXX/INDEX/master/repo/</datadir>
	</extension>
	<extension point="xbmc.addon.metadata">
		<summary>[COLOR white]REPOSITORY BLACK LABEL[/COLOR]</summary>
		<description>[COLOR red]THE BLACK GALLERY¡¡¡¡[/COLOR]</description>
		<platform>all</platform>
	</extension>
</addon>

