<?xml version="1.0" encoding="UTF-8" standalone="yes"?>
<addon id="REPOSITORY BLACK LABEL" name="[COLOR white]REPOSITORY BLACK LABEL[/COLOR]" version="1.0.0" provider-name="[COLOR red]NTRX-ANTHRAX[/COLOR]">
	<extension point="xbmc.addon.repository" name="REPOSITORY BLACK LABEL">
		<info compressed="false">http://raw.github.com//NTRXXX/INDEX/master/addons.xml</info>
		<checksum>http://raw.github.com//NTRXXX/INDEX/master/addons.xml.md5</checksum>
		<datadir zip="true">http://raw.github.com//NTRXXX/INDEX/master/repo/</datadir>
	</extension>
	<extension point="xbmc.addon.metadata">
		<summary>[COLOR white]REPOSITORY BLACK LABEL[/COLOR]</summary>
		<description>[COLOR red]THANKS TO BELCEBÙ FOR THIS¡¡¡¡[/COLOR]</description>
		<platform>all</platform>
	</extension>
</addon>

